83201,"42.770177",-112.259807,Pocatello,ID,Bannock
83202,"42.935728",-112.467930,Pocatello,ID,Bannock
83203,"43.033131",-112.428535,Fort Hall,ID,Bingham
83204,"42.72575",-112.335661,Pocatello,ID,Bannock
83205,"42.80616",-112.410283,Pocatello,ID,Bannock
83206,"42.639474",-112.313836,Pocatello,ID,Bannock
83209,"42.639474",-112.313836,Pocatello,ID,Bannock
83210,"43.004883",-112.839971,Aberdeen,ID,Bingham
83211,"42.635233",-112.945777,American Falls,ID,Power
83212,"42.512788",-112.542643,Arbon,ID,Power
83213,"43.634236",-113.213308,Arco,ID,Butte
83214,"42.566743",-112.259209,Arimo,ID,Bannock
83215,"43.244795",-112.297912,Atomic City,ID,Bingham
83217,"42.813756",-111.527930,Bancroft,ID,Caribou
83218,"43.304278",-112.181741,Basalt,ID,Bingham
83220,"42.295466",-111.373414,Bern,ID,Bear Lake
83221,"43.251328",-112.464518,Blackfoot,ID,Bingham
83223,"42.190025",-111.470801,Bloomington,ID,Bear Lake
83226,"44.50599",-114.222666,Challis,ID,Custer
83227,"44.22397",-114.312713,Clayton,ID,Custer
83228,"42.207519",-111.997341,Clifton,ID,Franklin
83229,"44.968059",-113.816735,Cobalt,ID,Lemhi
83230,"42.719102",-111.596651,Conda,ID,Caribou
83232,"42.145827",-111.977480,Dayton,ID,Franklin
83233,"42.177359",-111.217381,Dingle,ID,Bear Lake
83234,"42.473005",-112.120195,Downey,ID,Bannock
83235,"44.22397",-114.312713,Ellis,ID,Custer
83236,"43.303218",-112.109570,Firth,ID,Bingham
83237,"42.028792",-111.787055,Franklin,ID,Franklin
83238,"42.331048",-111.088609,Geneva,ID,Bear Lake
83239,"42.472875",-111.435777,Georgetown,ID,Bear Lake
83241,"42.525874",-111.766910,Grace,ID,Caribou
83243,"42.234859",-112.599201,Holbrook,ID,Oneida
83244,"43.908662",-113.087828,Howe,ID,Butte
83245,"42.670637",-112.248038,Inkom,ID,Bannock
83246,"42.60197",-112.058039,Lava Hot Springs,ID,Bannock
83250,"42.611881",-112.207443,Mccammon,ID,Bannock
83251,"44.017199",-113.740599,Mackay,ID,Custer
83252,"42.236441",-112.556004,Malad City,ID,Oneida
83253,"44.968059",-113.816735,May,ID,Lemhi
83254,"42.28644",-111.296810,Montpelier,ID,Bear Lake
83255,"43.729598",-113.454400,Moore,ID,Butte
83256,"43.222648",-112.442253,Moreland,ID,Bingham
83261,"42.224249",-111.420825,Paris,ID,Bear Lake
83262,"43.133647",-112.629467,Pingree,ID,Bingham
83263,"42.207376",-111.812126,Preston,ID,Franklin
83271,"42.490846",-112.836032,Rockland,ID,Power
83272,"42.095512",-111.329873,Saint Charles,ID,Bear Lake
83274,"43.349659",-112.118813,Shelley,ID,Bingham
83276,"42.772866",-111.634757,Soda Springs,ID,Caribou
83277,"43.080334",-112.672955,Springfield,ID,Bingham
83278,"44.371442",-114.856089,Stanley,ID,Custer
83281,"42.319496",-111.978055,Swanlake,ID,Bannock
83283,"42.379408",-111.684093,Thatcher,ID,Franklin
83285,"42.892211",-111.267458,Wayan,ID,Caribou
83286,"42.060353",-112.013197,Weston,ID,Franklin
83287,"42.039684",-111.441977,Fish Haven,ID,Bear Lake
83301,"42.443224",-114.629497,Twin Falls,ID,Twin Falls
83302,"42.166936",-114.815971,Rogerson,ID,Twin Falls
83303,"42.456273",-114.519536,Twin Falls,ID,Twin Falls
83311,"42.339326",-113.461324,Albion,ID,Cassia
83312,"42.084606",-113.628255,Almo,ID,Cassia
83313,"43.39476",-114.217718,Bellevue,ID,Blaine
83314,"42.918993",-114.887601,Bliss,ID,Gooding
83316,"42.586201",-114.829856,Buhl,ID,Twin Falls
83318,"42.399472",-113.848558,Burley,ID,Cassia
83320,"43.391742",-114.076206,Carey,ID,Blaine
83321,"42.402884",-114.784168,Castleford,ID,Twin Falls
83322,"43.528155",-114.730694,Corral,ID,Camas
83323,"42.524527",-113.433757,Declo,ID,Cassia
83324,"42.888995",-114.289216,Dietrich,ID,Lincoln
83325,"42.586804",-114.246706,Eden,ID,Jerome
83327,"43.368419",-114.686706,Fairfield,ID,Camas
83328,"42.54076",-114.623799,Filer,ID,Twin Falls
83330,"42.907488",-114.773963,Gooding,ID,Gooding
83332,"42.807535",-114.862110,Hagerman,ID,Gooding
83333,"43.54195",-114.310080,Hailey,ID,Blaine
83334,"42.451937",-114.207144,Hansen,ID,Twin Falls
83335,"42.596069",-114.071311,Hazelton,ID,Jerome
83336,"42.564732",-113.809824,Heyburn,ID,Minidoka
83337,"43.3277",-114.801713,Hill City,ID,Camas
83338,"42.736869",-114.374568,Jerome,ID,Jerome
83340,"43.669159",-114.485781,Ketchum,ID,Blaine
83341,"42.50541",-114.367966,Kimberly,ID,Twin Falls
83342,"42.274076",-113.392736,Malta,ID,Cassia
83343,"42.772955",-113.509762,Minidoka,ID,Minidoka
83344,"42.476903",-114.120513,Murtaugh,ID,Twin Falls
83346,"42.193954",-113.872032,Oakley,ID,Cassia
83347,"42.684923",-113.790133,Paul,ID,Minidoka
83348,"43.298245",-114.023913,Picabo,ID,Blaine
83349,"43.060804",-114.212408,Richfield,ID,Lincoln
83350,"42.688753",-113.648077,Rupert,ID,Minidoka
83352,"43.059165",-114.414825,Shoshone,ID,Lincoln
83353,"43.684047",-114.527235,Sun Valley,ID,Blaine
83354,"43.594633",-114.322568,Sun Valley,ID,Blaine
83355,"42.747536",-114.730593,Wendell,ID,Gooding
83401,"43.516701",-111.691535,Idaho Falls,ID,Bonneville
83402,"43.51824",-112.134734,Idaho Falls,ID,Bonneville
83403,"43.421132",-111.333376,Idaho Falls,ID,Bonneville
83404,"43.433036",-111.660433,Idaho Falls,ID,Bonneville
83405,"43.323306",-111.782152,Idaho Falls,ID,Bonneville
83406,"43.444641",-111.963375,Idaho Falls,ID,Bonneville
83415,"43.323306",-111.782152,Idaho Falls,ID,Bonneville
83420,"44.015259",-111.425270,Ashton,ID,Fremont
83421,"44.001141",-111.535095,Chester,ID,Fremont
83422,"43.713752",-111.158402,Driggs,ID,Teton
83423,"44.177432",-112.219898,Dubois,ID,Clark
83424,"43.872755",-111.153854,Felt,ID,Teton
83425,"43.878511",-112.260858,Hamer,ID,Jefferson
83427,"43.407293",-111.854263,Iona,ID,Bonneville
83428,"43.386149",-111.252730,Irwin,ID,Bonneville
83429,"44.408347",-111.427555,Island Park,ID,Fremont
83431,"43.692913",-112.023161,Lewisville,ID,Jefferson
83433,"44.319199",-111.601710,Macks Inn,ID,Fremont
83434,"43.714547",-112.041547,Menan,ID,Jefferson
83435,"43.871293",-112.447757,Monteview,ID,Jefferson
83436,"43.89767",-111.594020,Newdale,ID,Fremont
83438,"44.319199",-111.601710,Parker,ID,Fremont
83440,"43.79132",-111.771375,Rexburg,ID,Madison
83441,"43.776095",-111.691047,Rexburg,ID,Madison
83442,"43.692206",-111.889325,Rigby,ID,Jefferson
83443,"43.641033",-111.714580,Ririe,ID,Jefferson
83444,"43.698922",-112.173195,Roberts,ID,Jefferson
83445,"43.962969",-111.703605,Saint Anthony,ID,Fremont
83446,"44.271785",-112.306237,Spencer,ID,Clark
83447,"44.319199",-111.601710,Squirrel,ID,Fremont
83448,"43.847662",-111.693201,Sugar City,ID,Madison
83449,"43.509657",-111.402336,Swan Valley,ID,Bonneville
83450,"43.85886",-112.439084,Terreton,ID,Jefferson
83451,"43.890665",-111.650418,Teton,ID,Fremont
83452,"43.781382",-111.211829,Tetonia,ID,Teton
83454,"43.593567",-111.957274,Ucon,ID,Bonneville
83455,"43.63848",-111.132302,Victor,ID,Teton
83460,"43.776095",-111.691047,Rexburg,ID,Madison
83462,"44.968059",-113.816735,Carmen,ID,Lemhi
83463,"44.968059",-113.816735,Gibbonsville,ID,Lemhi
83464,"44.968059",-113.816735,Leadore,ID,Lemhi
83465,"44.968059",-113.816735,Lemhi,ID,Lemhi
83466,"45.612948",-113.967272,North Fork,ID,Lemhi
83467,"45.171856",-113.921041,Salmon,ID,Lemhi
83468,"44.968059",-113.816735,Tendoy,ID,Lemhi
83469,"44.968059",-113.816735,Shoup,ID,Lemhi
83501,"46.3646",-116.860852,Lewiston,ID,Nez Perce
83520,"46.507385",-116.296141,Ahsahka,ID,Clearwater
83522,"45.688686",-115.596198,Cottonwood,ID,Idaho
83523,"46.269379",-116.539248,Craigmont,ID,Lewis
83524,"46.401878",-116.651362,Culdesac,ID,Nez Perce
83525,"45.822931",-115.791688,Elk City,ID,Idaho
83526,"46.152621",-116.390762,Ferdinand,ID,Idaho
83530,"45.869801",-116.197290,Grangeville,ID,Idaho
83531,"45.889314",-115.557407,Fenn,ID,Idaho
83533,"45.889314",-115.557407,Greencreek,ID,Idaho
83535,"46.582376",-116.739999,Juliaetta,ID,Latah
83536,"46.223289",-116.034292,Kamiah,ID,Lewis
83537,"46.663944",-116.573632,Kendrick,ID,Latah
83539,"46.115992",-115.945949,Kooskia,ID,Idaho
83540,"46.402671",-116.805125,Lapwai,ID,Nez Perce
83541,"46.549573",-116.377265,Lenore,ID,Clearwater
83542,"45.536959",-116.323741,Lucile,ID,Idaho
83543,"46.296282",-116.264274,Nezperce,ID,Lewis
83544,"46.4976",-116.184848,Orofino,ID,Clearwater
83545,"46.451381",-116.517114,Peck,ID,Nez Perce
83546,"46.443665",-115.804849,Pierce,ID,Clearwater
83547,"45.325345",-116.359122,Pollock,ID,Idaho
83548,"46.32309",-116.538865,Reubens,ID,Lewis
83549,"45.400163",-116.351079,Riggins,ID,Idaho
83551,"46.400349",-116.804544,Spalding,ID,Nez Perce
83552,"46.117669",-115.974107,Stites,ID,Idaho
83553,"46.381159",-115.918826,Weippe,ID,Clearwater
83554,"45.889314",-115.557407,White Bird,ID,Idaho
83555,"46.24243",-116.544158,Winchester,ID,Lewis
83601,"43.847915",-115.253751,Atlanta,ID,Elmore
83602,"44.088695",-116.065807,Banks,ID,Boise
83604,"42.613957",-115.841917,Bruneau,ID,Owyhee
83605,"43.630795",-116.717598,Caldwell,ID,Canyon
83606,"43.724917",-116.798923,Caldwell,ID,Canyon
83607,"43.618618",-116.750109,Caldwell,ID,Canyon
83610,"44.642508",-116.690316,Cambridge,ID,Washington
83611,"44.692713",-115.641659,Cascade,ID,Valley
83612,"44.853452",-116.548601,Council,ID,Adams
83615,"44.665905",-116.036911,Donnelly,ID,Valley
83616,"43.735179",-116.410330,Eagle,ID,Ada
83617,"43.908876",-116.492657,Emmett,ID,Gem
83619,"43.974615",-116.900775,Fruitland,ID,Payette
83620,"44.817671",-116.429857,Fruitvale,ID,Adams
83622,"44.091712",-115.909781,Garden Valley,ID,Boise
83623,"42.950333",-115.310227,Glenns Ferry,ID,Elmore
83624,"43.300562",-116.510261,Grand View,ID,Owyhee
83626,"43.679989",-116.762480,Greenleaf,ID,Canyon
83627,"42.948206",-115.383690,Hammett,ID,Elmore
83628,"43.635593",-116.968110,Homedale,ID,Owyhee
83629,"43.969086",-116.118450,Horseshoe Bend,ID,Boise
83630,"43.602661",-116.790284,Huston,ID,Canyon
83631,"43.883371",-115.708048,Idaho City,ID,Boise
83632,"44.560567",-116.462903,Indian Valley,ID,Adams
83633,"42.979861",-115.189933,King Hill,ID,Elmore
83634,"43.459904",-116.338457,Kuna,ID,Ada
83635,"44.68367",-115.453583,Lake Fork,ID,Valley
83636,"43.896275",-116.646209,Letha,ID,Gem
83637,"44.108217",-115.481823,Lowman,ID,Boise
83638,"44.75196",-116.057987,Mccall,ID,Valley
83639,"43.388977",-116.731362,Marsing,ID,Owyhee
83641,"43.389331",-116.583102,Melba,ID,Canyon
83642,"43.579067",-116.421656,Meridian,ID,Ada
83643,"44.625475",-116.449286,Mesa,ID,Adams
83644,"43.577401",-116.590338,Middleton,ID,Canyon
83645,"44.38304",-116.651974,Midvale,ID,Washington
83647,"43.156195",-115.720455,Mountain Home,ID,Elmore
83648,"43.009282",-115.588317,Mountain Home A F B,ID,Elmore
83650,"42.838437",-116.032163,Murphy,ID,Owyhee
83651,"43.595567",-116.610630,Nampa,ID,Canyon
83652,"43.70713",-116.620774,Nampa,ID,Canyon
83653,"43.585149",-116.752963,Nampa,ID,Canyon
83654,"45.086839",-116.303451,New Meadows,ID,Adams
83655,"43.95779",-116.813237,New Plymouth,ID,Payette
83656,"43.725933",-116.799727,Notus,ID,Canyon
83657,"44.241764",-116.273214,Ola,ID,Gem
83660,"43.785082",-116.897455,Parma,ID,Canyon
83661,"44.063604",-116.750704,Payette,ID,Payette
83666,"44.004244",-115.966981,Placerville,ID,Boise
83669,"43.713037",-116.485429,Star,ID,Ada
83670,"43.989971",-116.328567,Sweet,ID,Gem
83671,"45.889314",-115.557407,Warren,ID,Idaho
83672,"44.304193",-116.859937,Weiser,ID,Washington
83676,"43.657855",-116.919629,Wilder,ID,Canyon
83677,"44.68367",-115.453583,Yellow Pine,ID,Valley
83680,"43.459855",-116.243984,Meridian,ID,Ada
83686,"43.549984",-116.612678,Nampa,ID,Canyon
83687,"43.602302",-116.552636,Nampa,ID,Canyon
83701,"43.603768",-116.272921,Boise,ID,Ada
83702,"43.661963",-116.195004,Boise,ID,Ada
83703,"43.680432",-116.248664,Boise,ID,Ada
83704,"43.641467",-116.290009,Boise,ID,Ada
83705,"43.565639",-116.223203,Boise,ID,Ada
83706,"43.478618",-116.137752,Boise,ID,Ada
83707,"43.38469",-115.997118,Boise,ID,Ada
83708,"43.459855",-116.243984,Boise,ID,Ada
83709,"43.558127",-116.276002,Boise,ID,Ada
83711,"43.459855",-116.243984,Boise,ID,Ada
83712,"43.58775",-116.139425,Boise,ID,Ada
83713,"43.634002",-116.341948,Boise,ID,Ada
83714,"43.6428",-116.282554,Garden City,ID,Ada
83715,"43.459855",-116.243984,Boise,ID,Ada
83716,"43.441445",-116.079142,Boise,ID,Ada
83717,"43.459855",-116.243984,Boise,ID,Ada
83719,"43.459855",-116.243984,Boise,ID,Ada
83720,"43.459855",-116.243984,Boise,ID,Ada
83721,"43.459855",-116.243984,Boise,ID,Ada
83722,"43.459855",-116.243984,Boise,ID,Ada
83723,"43.459855",-116.243984,Boise,ID,Ada
83724,"43.619477",-116.195159,Boise,ID,Ada
83725,"43.459855",-116.243984,Boise,ID,Ada
83726,"43.459855",-116.243984,Boise,ID,Ada
83727,"43.459855",-116.243984,Boise,ID,Ada
83728,"43.459855",-116.243984,Boise,ID,Ada
83729,"43.459855",-116.243984,Boise,ID,Ada
83730,"43.459855",-116.243984,Boise,ID,Ada
83731,"43.459855",-116.243984,Boise,ID,Ada
83732,"43.459855",-116.243984,Boise,ID,Ada
83733,"43.459855",-116.243984,Boise,ID,Ada
83735,"43.459855",-116.243984,Boise,ID,Ada
83744,"43.459855",-116.243984,Boise,ID,Ada
83756,"43.459855",-116.243984,Boise,ID,Ada
83757,"43.459855",-116.243984,Boise,ID,Ada
83788,"43.60682",-116.282259,Boise,ID,Ada
83799,"43.459855",-116.243984,Boise,ID,Ada
83801,"47.922361",-116.686007,Athol,ID,Kootenai
83802,"47.501205",-115.644501,Avery,ID,Shoshone
83803,"47.982174",-116.549408,Bayview,ID,Kootenai
83804,"48.274708",-116.604444,Blanchard,ID,Bonner
83805,"48.814078",-116.398202,Bonners Ferry,ID,Boundary
83806,"46.871563",-116.407235,Bovill,ID,Latah
83808,"47.501205",-115.644501,Calder,ID,Shoshone
83809,"48.048216",-116.593890,Careywood,ID,Bonner
83810,"47.527719",-116.453134,Cataldo,ID,Kootenai
83811,"48.115891",-116.128983,Clark Fork,ID,Bonner
83812,"46.974333",-116.281080,Clarkia,ID,Shoshone
83813,"48.087984",-116.614684,Cocolalla,ID,Bonner
83814,"47.728441",-116.780869,Coeur D Alene,ID,Kootenai
83815,"47.837453",-116.718533,Coeur D Alene,ID,Kootenai
83816,"47.678798",-116.682718,Coeur D Alene,ID,Kootenai
83821,"48.607807",-116.848660,Coolin,ID,Bonner
83822,"48.155185",-116.978066,Oldtown,ID,Bonner
83823,"46.777036",-116.525556,Deary,ID,Latah
83824,"47.146411",-116.915483,Desmet,ID,Benewah
83825,"48.36875",-116.545493,Dover,ID,Bonner
83826,"48.750618",-116.540670,Eastport,ID,Boundary
83827,"46.779553",-116.214523,Elk River,ID,Clearwater
83830,"47.112423",-116.528526,Fernwood,ID,Benewah
83832,"46.604181",-116.903754,Genesee,ID,Latah
83833,"47.501761",-116.751226,Harrison,ID,Kootenai
83834,"46.924095",-116.715837,Harvard,ID,Latah
83835,"47.798886",-116.742254,Hayden,ID,Kootenai
83836,"48.248701",-116.279202,Hope,ID,Bonner
83837,"47.515352",-116.017660,Kellogg,ID,Shoshone
83839,"47.574471",-116.145637,Kingston,ID,Shoshone
83840,"48.314378",-116.515276,Kootenai,ID,Bonner
83841,"48.179085",-116.824602,Laclede,ID,Bonner
83842,"47.464178",-116.659053,Medimont,ID,Kootenai
83843,"46.735334",-116.870147,Moscow,ID,Latah
83844,"46.836284",-116.684553,Moscow,ID,Latah
83845,"48.695988",-116.305402,Moyie Springs,ID,Boundary
83846,"47.465825",-115.765951,Mullan,ID,Shoshone
83847,"48.694804",-116.304264,Naples,ID,Boundary
83848,"48.614631",-116.925844,Nordman,ID,Bonner
83849,"47.521132",-116.021029,Osburn,ID,Shoshone
83850,"47.494941",-116.041059,Pinehurst,ID,Shoshone
83851,"47.243487",-116.862018,Plummer,ID,Benewah
83852,"48.411377",-116.731899,Ponderay,ID,Bonner
83853,"48.750618",-116.540670,Porthill,ID,Boundary
83854,"47.795737",-116.946395,Post Falls,ID,Kootenai
83855,"46.950211",-116.935859,Potlatch,ID,Latah
83856,"48.324253",-116.669154,Priest River,ID,Bonner
83857,"46.884343",-116.804736,Princeton,ID,Latah
83858,"47.845814",-116.839411,Rathdrum,ID,Kootenai
83860,"48.193853",-116.644705,Sagle,ID,Bonner
83861,"47.279233",-116.646826,Saint Maries,ID,Benewah
83862,"48.36875",-116.545493,Samuels,ID,Bonner
83864,"48.299486",-116.553968,Sandpoint,ID,Bonner
83865,"48.363251",-116.625594,Colburn,ID,Bonner
83866,"47.154416",-116.430997,Santa,ID,Benewah
83867,"47.498078",-115.965732,Silverton,ID,Shoshone
83868,"47.536163",-116.206234,Smelterville,ID,Shoshone
83869,"47.944549",-116.811536,Spirit Lake,ID,Kootenai
83870,"47.147494",-116.918177,Tensed,ID,Benewah
83871,"46.75717",-116.714214,Troy,ID,Latah
83872,"46.871724",-116.967516,Viola,ID,Latah
83873,"47.553491",-116.014010,Wallace,ID,Shoshone
83874,"47.501205",-115.644501,Murray,ID,Shoshone
83876,"47.456856",-116.898603,Worley,ID,Kootenai
83877,"47.678798",-116.682718,Post Falls,ID,Kootenai
83888,"48.36875",-116.545493,Sandpoint,ID,Bonner
83201,"42.770177",-112.259807,Pocatello,ID,Bannock
83202,"42.935728",-112.467930,Pocatello,ID,Bannock
83203,"43.033131",-112.428535,Fort Hall,ID,Bingham
83204,"42.72575",-112.335661,Pocatello,ID,Bannock
83205,"42.80616",-112.410283,Pocatello,ID,Bannock
83206,"42.639474",-112.313836,Pocatello,ID,Bannock
83209,"42.639474",-112.313836,Pocatello,ID,Bannock
83210,"43.004883",-112.839971,Aberdeen,ID,Bingham
83211,"42.635233",-112.945777,American Falls,ID,Power
83212,"42.512788",-112.542643,Arbon,ID,Power
83213,"43.634236",-113.213308,Arco,ID,Butte
83214,"42.566743",-112.259209,Arimo,ID,Bannock
83215,"43.244795",-112.297912,Atomic City,ID,Bingham
83217,"42.813756",-111.527930,Bancroft,ID,Caribou
83218,"43.304278",-112.181741,Basalt,ID,Bingham
83220,"42.295466",-111.373414,Bern,ID,Bear Lake
83221,"43.251328",-112.464518,Blackfoot,ID,Bingham
83223,"42.190025",-111.470801,Bloomington,ID,Bear Lake
83226,"44.50599",-114.222666,Challis,ID,Custer
83227,"44.22397",-114.312713,Clayton,ID,Custer
83228,"42.207519",-111.997341,Clifton,ID,Franklin
83229,"44.968059",-113.816735,Cobalt,ID,Lemhi
83230,"42.719102",-111.596651,Conda,ID,Caribou
83232,"42.145827",-111.977480,Dayton,ID,Franklin
83233,"42.177359",-111.217381,Dingle,ID,Bear Lake
83234,"42.473005",-112.120195,Downey,ID,Bannock
83235,"44.22397",-114.312713,Ellis,ID,Custer
83236,"43.303218",-112.109570,Firth,ID,Bingham
83237,"42.028792",-111.787055,Franklin,ID,Franklin
83238,"42.331048",-111.088609,Geneva,ID,Bear Lake
83239,"42.472875",-111.435777,Georgetown,ID,Bear Lake
83241,"42.525874",-111.766910,Grace,ID,Caribou
83243,"42.234859",-112.599201,Holbrook,ID,Oneida
83244,"43.908662",-113.087828,Howe,ID,Butte
83245,"42.670637",-112.248038,Inkom,ID,Bannock
83246,"42.60197",-112.058039,Lava Hot Springs,ID,Bannock
83250,"42.611881",-112.207443,Mccammon,ID,Bannock
83251,"44.017199",-113.740599,Mackay,ID,Custer
83252,"42.236441",-112.556004,Malad City,ID,Oneida
83253,"44.968059",-113.816735,May,ID,Lemhi
83254,"42.28644",-111.296810,Montpelier,ID,Bear Lake
83255,"43.729598",-113.454400,Moore,ID,Butte
83256,"43.222648",-112.442253,Moreland,ID,Bingham
83261,"42.224249",-111.420825,Paris,ID,Bear Lake
83262,"43.133647",-112.629467,Pingree,ID,Bingham
83263,"42.207376",-111.812126,Preston,ID,Franklin
83271,"42.490846",-112.836032,Rockland,ID,Power
83272,"42.095512",-111.329873,Saint Charles,ID,Bear Lake
83274,"43.349659",-112.118813,Shelley,ID,Bingham
83276,"42.772866",-111.634757,Soda Springs,ID,Caribou
83277,"43.080334",-112.672955,Springfield,ID,Bingham
83278,"44.371442",-114.856089,Stanley,ID,Custer
83281,"42.319496",-111.978055,Swanlake,ID,Bannock
83283,"42.379408",-111.684093,Thatcher,ID,Franklin
83285,"42.892211",-111.267458,Wayan,ID,Caribou
83286,"42.060353",-112.013197,Weston,ID,Franklin
83287,"42.039684",-111.441977,Fish Haven,ID,Bear Lake
83301,"42.443224",-114.629497,Twin Falls,ID,Twin Falls
83302,"42.166936",-114.815971,Rogerson,ID,Twin Falls
83303,"42.456273",-114.519536,Twin Falls,ID,Twin Falls
83311,"42.339326",-113.461324,Albion,ID,Cassia
83312,"42.084606",-113.628255,Almo,ID,Cassia
83313,"43.39476",-114.217718,Bellevue,ID,Blaine
83314,"42.918993",-114.887601,Bliss,ID,Gooding
83316,"42.586201",-114.829856,Buhl,ID,Twin Falls
83318,"42.399472",-113.848558,Burley,ID,Cassia
83320,"43.391742",-114.076206,Carey,ID,Blaine
83321,"42.402884",-114.784168,Castleford,ID,Twin Falls
83322,"43.528155",-114.730694,Corral,ID,Camas
83323,"42.524527",-113.433757,Declo,ID,Cassia
83324,"42.888995",-114.289216,Dietrich,ID,Lincoln
83325,"42.586804",-114.246706,Eden,ID,Jerome
83327,"43.368419",-114.686706,Fairfield,ID,Camas
83328,"42.54076",-114.623799,Filer,ID,Twin Falls
83330,"42.907488",-114.773963,Gooding,ID,Gooding
83332,"42.807535",-114.862110,Hagerman,ID,Gooding
83333,"43.54195",-114.310080,Hailey,ID,Blaine
83334,"42.451937",-114.207144,Hansen,ID,Twin Falls
83335,"42.596069",-114.071311,Hazelton,ID,Jerome
83336,"42.564732",-113.809824,Heyburn,ID,Minidoka
83337,"43.3277",-114.801713,Hill City,ID,Camas
83338,"42.736869",-114.374568,Jerome,ID,Jerome
83340,"43.669159",-114.485781,Ketchum,ID,Blaine
83341,"42.50541",-114.367966,Kimberly,ID,Twin Falls
83342,"42.274076",-113.392736,Malta,ID,Cassia
83343,"42.772955",-113.509762,Minidoka,ID,Minidoka
83344,"42.476903",-114.120513,Murtaugh,ID,Twin Falls
83346,"42.193954",-113.872032,Oakley,ID,Cassia
83347,"42.684923",-113.790133,Paul,ID,Minidoka
83348,"43.298245",-114.023913,Picabo,ID,Blaine
83349,"43.060804",-114.212408,Richfield,ID,Lincoln
83350,"42.688753",-113.648077,Rupert,ID,Minidoka
83352,"43.059165",-114.414825,Shoshone,ID,Lincoln
83353,"43.684047",-114.527235,Sun Valley,ID,Blaine
83354,"43.594633",-114.322568,Sun Valley,ID,Blaine
83355,"42.747536",-114.730593,Wendell,ID,Gooding
83401,"43.516701",-111.691535,Idaho Falls,ID,Bonneville
83402,"43.51824",-112.134734,Idaho Falls,ID,Bonneville
83403,"43.421132",-111.333376,Idaho Falls,ID,Bonneville
83404,"43.433036",-111.660433,Idaho Falls,ID,Bonneville
83405,"43.323306",-111.782152,Idaho Falls,ID,Bonneville
83406,"43.444641",-111.963375,Idaho Falls,ID,Bonneville
83415,"43.323306",-111.782152,Idaho Falls,ID,Bonneville
83420,"44.015259",-111.425270,Ashton,ID,Fremont
83421,"44.001141",-111.535095,Chester,ID,Fremont
83422,"43.713752",-111.158402,Driggs,ID,Teton
83423,"44.177432",-112.219898,Dubois,ID,Clark
83424,"43.872755",-111.153854,Felt,ID,Teton
83425,"43.878511",-112.260858,Hamer,ID,Jefferson
83427,"43.407293",-111.854263,Iona,ID,Bonneville
83428,"43.386149",-111.252730,Irwin,ID,Bonneville
83429,"44.408347",-111.427555,Island Park,ID,Fremont
83431,"43.692913",-112.023161,Lewisville,ID,Jefferson
83433,"44.319199",-111.601710,Macks Inn,ID,Fremont
83434,"43.714547",-112.041547,Menan,ID,Jefferson
83435,"43.871293",-112.447757,Monteview,ID,Jefferson
83436,"43.89767",-111.594020,Newdale,ID,Fremont
83438,"44.319199",-111.601710,Parker,ID,Fremont
83440,"43.79132",-111.771375,Rexburg,ID,Madison
83441,"43.776095",-111.691047,Rexburg,ID,Madison
83442,"43.692206",-111.889325,Rigby,ID,Jefferson
83443,"43.641033",-111.714580,Ririe,ID,Jefferson
83444,"43.698922",-112.173195,Roberts,ID,Jefferson
83445,"43.962969",-111.703605,Saint Anthony,ID,Fremont
83446,"44.271785",-112.306237,Spencer,ID,Clark
83447,"44.319199",-111.601710,Squirrel,ID,Fremont
83448,"43.847662",-111.693201,Sugar City,ID,Madison
83449,"43.509657",-111.402336,Swan Valley,ID,Bonneville
83450,"43.85886",-112.439084,Terreton,ID,Jefferson
83451,"43.890665",-111.650418,Teton,ID,Fremont
83452,"43.781382",-111.211829,Tetonia,ID,Teton
83454,"43.593567",-111.957274,Ucon,ID,Bonneville
83455,"43.63848",-111.132302,Victor,ID,Teton
83460,"43.776095",-111.691047,Rexburg,ID,Madison
83462,"44.968059",-113.816735,Carmen,ID,Lemhi
83463,"44.968059",-113.816735,Gibbonsville,ID,Lemhi
83464,"44.968059",-113.816735,Leadore,ID,Lemhi
83465,"44.968059",-113.816735,Lemhi,ID,Lemhi
83466,"45.612948",-113.967272,North Fork,ID,Lemhi
83467,"45.171856",-113.921041,Salmon,ID,Lemhi
83468,"44.968059",-113.816735,Tendoy,ID,Lemhi
83469,"44.968059",-113.816735,Shoup,ID,Lemhi
83501,"46.3646",-116.860852,Lewiston,ID,Nez Perce
83520,"46.507385",-116.296141,Ahsahka,ID,Clearwater
83522,"45.688686",-115.596198,Cottonwood,ID,Idaho
83523,"46.269379",-116.539248,Craigmont,ID,Lewis
83524,"46.401878",-116.651362,Culdesac,ID,Nez Perce
83525,"45.822931",-115.791688,Elk City,ID,Idaho
83526,"46.152621",-116.390762,Ferdinand,ID,Idaho
83530,"45.869801",-116.197290,Grangeville,ID,Idaho
83531,"45.889314",-115.557407,Fenn,ID,Idaho
83533,"45.889314",-115.557407,Greencreek,ID,Idaho
83535,"46.582376",-116.739999,Juliaetta,ID,Latah
83536,"46.223289",-116.034292,Kamiah,ID,Lewis
83537,"46.663944",-116.573632,Kendrick,ID,Latah
83539,"46.115992",-115.945949,Kooskia,ID,Idaho
83540,"46.402671",-116.805125,Lapwai,ID,Nez Perce
83541,"46.549573",-116.377265,Lenore,ID,Clearwater
83542,"45.536959",-116.323741,Lucile,ID,Idaho
83543,"46.296282",-116.264274,Nezperce,ID,Lewis
83544,"46.4976",-116.184848,Orofino,ID,Clearwater
83545,"46.451381",-116.517114,Peck,ID,Nez Perce
83546,"46.443665",-115.804849,Pierce,ID,Clearwater
83547,"45.325345",-116.359122,Pollock,ID,Idaho
83548,"46.32309",-116.538865,Reubens,ID,Lewis
83549,"45.400163",-116.351079,Riggins,ID,Idaho
83551,"46.400349",-116.804544,Spalding,ID,Nez Perce
83552,"46.117669",-115.974107,Stites,ID,Idaho
83553,"46.381159",-115.918826,Weippe,ID,Clearwater
83554,"45.889314",-115.557407,White Bird,ID,Idaho
83555,"46.24243",-116.544158,Winchester,ID,Lewis
83601,"43.847915",-115.253751,Atlanta,ID,Elmore
83602,"44.088695",-116.065807,Banks,ID,Boise
83604,"42.613957",-115.841917,Bruneau,ID,Owyhee
83605,"43.630795",-116.717598,Caldwell,ID,Canyon
83606,"43.724917",-116.798923,Caldwell,ID,Canyon
83607,"43.618618",-116.750109,Caldwell,ID,Canyon
83610,"44.642508",-116.690316,Cambridge,ID,Washington
83611,"44.692713",-115.641659,Cascade,ID,Valley
83612,"44.853452",-116.548601,Council,ID,Adams
83615,"44.665905",-116.036911,Donnelly,ID,Valley
83616,"43.735179",-116.410330,Eagle,ID,Ada
83617,"43.908876",-116.492657,Emmett,ID,Gem
83619,"43.974615",-116.900775,Fruitland,ID,Payette
83620,"44.817671",-116.429857,Fruitvale,ID,Adams
83622,"44.091712",-115.909781,Garden Valley,ID,Boise
83623,"42.950333",-115.310227,Glenns Ferry,ID,Elmore
83624,"43.300562",-116.510261,Grand View,ID,Owyhee
83626,"43.679989",-116.762480,Greenleaf,ID,Canyon
83627,"42.948206",-115.383690,Hammett,ID,Elmore
83628,"43.635593",-116.968110,Homedale,ID,Owyhee
83629,"43.969086",-116.118450,Horseshoe Bend,ID,Boise
83630,"43.602661",-116.790284,Huston,ID,Canyon
83631,"43.883371",-115.708048,Idaho City,ID,Boise
83632,"44.560567",-116.462903,Indian Valley,ID,Adams
83633,"42.979861",-115.189933,King Hill,ID,Elmore
83634,"43.459904",-116.338457,Kuna,ID,Ada
83635,"44.68367",-115.453583,Lake Fork,ID,Valley
83636,"43.896275",-116.646209,Letha,ID,Gem
83637,"44.108217",-115.481823,Lowman,ID,Boise
83638,"44.75196",-116.057987,Mccall,ID,Valley
83639,"43.388977",-116.731362,Marsing,ID,Owyhee
83641,"43.389331",-116.583102,Melba,ID,Canyon
83642,"43.579067",-116.421656,Meridian,ID,Ada
83643,"44.625475",-116.449286,Mesa,ID,Adams
83644,"43.577401",-116.590338,Middleton,ID,Canyon
83645,"44.38304",-116.651974,Midvale,ID,Washington
83647,"43.156195",-115.720455,Mountain Home,ID,Elmore
83648,"43.009282",-115.588317,Mountain Home A F B,ID,Elmore
83650,"42.838437",-116.032163,Murphy,ID,Owyhee
83651,"43.595567",-116.610630,Nampa,ID,Canyon
83652,"43.70713",-116.620774,Nampa,ID,Canyon
83653,"43.585149",-116.752963,Nampa,ID,Canyon
83654,"45.086839",-116.303451,New Meadows,ID,Adams
83655,"43.95779",-116.813237,New Plymouth,ID,Payette
83656,"43.725933",-116.799727,Notus,ID,Canyon
83657,"44.241764",-116.273214,Ola,ID,Gem
83660,"43.785082",-116.897455,Parma,ID,Canyon
83661,"44.063604",-116.750704,Payette,ID,Payette
83666,"44.004244",-115.966981,Placerville,ID,Boise
83669,"43.713037",-116.485429,Star,ID,Ada
83670,"43.989971",-116.328567,Sweet,ID,Gem
83671,"45.889314",-115.557407,Warren,ID,Idaho
83672,"44.304193",-116.859937,Weiser,ID,Washington
83676,"43.657855",-116.919629,Wilder,ID,Canyon
83677,"44.68367",-115.453583,Yellow Pine,ID,Valley
83680,"43.459855",-116.243984,Meridian,ID,Ada
83686,"43.549984",-116.612678,Nampa,ID,Canyon
83687,"43.602302",-116.552636,Nampa,ID,Canyon
83701,"43.603768",-116.272921,Boise,ID,Ada
83702,"43.661963",-116.195004,Boise,ID,Ada
83703,"43.680432",-116.248664,Boise,ID,Ada
83704,"43.641467",-116.290009,Boise,ID,Ada
83705,"43.565639",-116.223203,Boise,ID,Ada
83706,"43.478618",-116.137752,Boise,ID,Ada
83707,"43.38469",-115.997118,Boise,ID,Ada
83708,"43.459855",-116.243984,Boise,ID,Ada
83709,"43.558127",-116.276002,Boise,ID,Ada
83711,"43.459855",-116.243984,Boise,ID,Ada
83712,"43.58775",-116.139425,Boise,ID,Ada
83713,"43.634002",-116.341948,Boise,ID,Ada
83714,"43.6428",-116.282554,Garden City,ID,Ada
83715,"43.459855",-116.243984,Boise,ID,Ada
83716,"43.441445",-116.079142,Boise,ID,Ada
83717,"43.459855",-116.243984,Boise,ID,Ada
83719,"43.459855",-116.243984,Boise,ID,Ada
83720,"43.459855",-116.243984,Boise,ID,Ada
83721,"43.459855",-116.243984,Boise,ID,Ada
83722,"43.459855",-116.243984,Boise,ID,Ada
83723,"43.459855",-116.243984,Boise,ID,Ada
83724,"43.619477",-116.195159,Boise,ID,Ada
83725,"43.459855",-116.243984,Boise,ID,Ada
83726,"43.459855",-116.243984,Boise,ID,Ada
83727,"43.459855",-116.243984,Boise,ID,Ada
83728,"43.459855",-116.243984,Boise,ID,Ada
83729,"43.459855",-116.243984,Boise,ID,Ada
83730,"43.459855",-116.243984,Boise,ID,Ada
83731,"43.459855",-116.243984,Boise,ID,Ada
83732,"43.459855",-116.243984,Boise,ID,Ada
83733,"43.459855",-116.243984,Boise,ID,Ada
83735,"43.459855",-116.243984,Boise,ID,Ada
83744,"43.459855",-116.243984,Boise,ID,Ada
83756,"43.459855",-116.243984,Boise,ID,Ada
83757,"43.459855",-116.243984,Boise,ID,Ada
83788,"43.60682",-116.282259,Boise,ID,Ada
83799,"43.459855",-116.243984,Boise,ID,Ada
83801,"47.922361",-116.686007,Athol,ID,Kootenai
83802,"47.501205",-115.644501,Avery,ID,Shoshone
83803,"47.982174",-116.549408,Bayview,ID,Kootenai
83804,"48.274708",-116.604444,Blanchard,ID,Bonner
83805,"48.814078",-116.398202,Bonners Ferry,ID,Boundary
83806,"46.871563",-116.407235,Bovill,ID,Latah
83808,"47.501205",-115.644501,Calder,ID,Shoshone
83809,"48.048216",-116.593890,Careywood,ID,Bonner
83810,"47.527719",-116.453134,Cataldo,ID,Kootenai
83811,"48.115891",-116.128983,Clark Fork,ID,Bonner
83812,"46.974333",-116.281080,Clarkia,ID,Shoshone
83813,"48.087984",-116.614684,Cocolalla,ID,Bonner
83814,"47.728441",-116.780869,Coeur D Alene,ID,Kootenai
83815,"47.837453",-116.718533,Coeur D Alene,ID,Kootenai
83816,"47.678798",-116.682718,Coeur D Alene,ID,Kootenai
83821,"48.607807",-116.848660,Coolin,ID,Bonner
83822,"48.155185",-116.978066,Oldtown,ID,Bonner
83823,"46.777036",-116.525556,Deary,ID,Latah
83824,"47.146411",-116.915483,Desmet,ID,Benewah
83825,"48.36875",-116.545493,Dover,ID,Bonner
83826,"48.750618",-116.540670,Eastport,ID,Boundary
83827,"46.779553",-116.214523,Elk River,ID,Clearwater
83830,"47.112423",-116.528526,Fernwood,ID,Benewah
83832,"46.604181",-116.903754,Genesee,ID,Latah
83833,"47.501761",-116.751226,Harrison,ID,Kootenai
83834,"46.924095",-116.715837,Harvard,ID,Latah
83835,"47.798886",-116.742254,Hayden,ID,Kootenai
83836,"48.248701",-116.279202,Hope,ID,Bonner
83837,"47.515352",-116.017660,Kellogg,ID,Shoshone
83839,"47.574471",-116.145637,Kingston,ID,Shoshone
83840,"48.314378",-116.515276,Kootenai,ID,Bonner
83841,"48.179085",-116.824602,Laclede,ID,Bonner
83842,"47.464178",-116.659053,Medimont,ID,Kootenai
83843,"46.735334",-116.870147,Moscow,ID,Latah
83844,"46.836284",-116.684553,Moscow,ID,Latah
83845,"48.695988",-116.305402,Moyie Springs,ID,Boundary
83846,"47.465825",-115.765951,Mullan,ID,Shoshone
83847,"48.694804",-116.304264,Naples,ID,Boundary
83848,"48.614631",-116.925844,Nordman,ID,Bonner
83849,"47.521132",-116.021029,Osburn,ID,Shoshone
83850,"47.494941",-116.041059,Pinehurst,ID,Shoshone
83851,"47.243487",-116.862018,Plummer,ID,Benewah
83852,"48.411377",-116.731899,Ponderay,ID,Bonner
83853,"48.750618",-116.540670,Porthill,ID,Boundary
83854,"47.795737",-116.946395,Post Falls,ID,Kootenai
83855,"46.950211",-116.935859,Potlatch,ID,Latah
83856,"48.324253",-116.669154,Priest River,ID,Bonner
83857,"46.884343",-116.804736,Princeton,ID,Latah
83858,"47.845814",-116.839411,Rathdrum,ID,Kootenai
83860,"48.193853",-116.644705,Sagle,ID,Bonner
83861,"47.279233",-116.646826,Saint Maries,ID,Benewah
83862,"48.36875",-116.545493,Samuels,ID,Bonner
83864,"48.299486",-116.553968,Sandpoint,ID,Bonner
83865,"48.363251",-116.625594,Colburn,ID,Bonner
83866,"47.154416",-116.430997,Santa,ID,Benewah
83867,"47.498078",-115.965732,Silverton,ID,Shoshone
83868,"47.536163",-116.206234,Smelterville,ID,Shoshone
83869,"47.944549",-116.811536,Spirit Lake,ID,Kootenai
83870,"47.147494",-116.918177,Tensed,ID,Benewah
83871,"46.75717",-116.714214,Troy,ID,Latah
83872,"46.871724",-116.967516,Viola,ID,Latah
83873,"47.553491",-116.014010,Wallace,ID,Shoshone
83874,"47.501205",-115.644501,Murray,ID,Shoshone
83876,"47.456856",-116.898603,Worley,ID,Kootenai
83877,"47.678798",-116.682718,Post Falls,ID,Kootenai
83888,"48.36875",-116.545493,Sandpoint,ID,Bonner
